Product,Price,QuantitySold,Discount,Month
Product_1,56,83,10,Jan
Product_1,59,86,10,Feb
Product_1,60,78,10,Mar
Product_1,58,84,0,Apr
Product_1,54,93,5,May
Product_1,57,88,0,Jun
Product_2,35,129,0,Jan
Product_2,35,147,10,Feb
Product_2,28,179,0,Mar
Product_2,28,178,0,Apr
Product_2,28,175,5,May
Product_2,29,181,0,Jun
Product_3,75,65,5,Jan
Product_3,77,64,10,Feb
Product_3,80,68,10,Mar
Product_3,74,69,5,Apr
Product_3,81,59,5,May
Product_3,83,67,5,Jun
Product_4,44,114,10,Jan
Product_4,50,104,5,Feb
Product_4,49,104,0,Mar
Product_4,44,113,10,Apr
Product_4,47,108,0,May
Product_4,51,98,0,Jun
Product_5,29,172,0,Jan
Product_5,36,137,10,Feb
Product_5,31,166,0,Mar
Product_5,33,156,5,Apr
Product_5,35,146,0,May
Product_5,36,140,5,Jun
Product_6,53,88,10,Jan
Product_6,54,86,5,Feb
Product_6,49,96,5,Mar
Product_6,49,101,0,Apr
Product_6,51,105,10,May
Product_6,55,92,10,Jun
Product_7,38,132,0,Jan
Product_7,32,154,5,Feb
Product_7,33,148,10,Mar
Product_7,32,148,0,Apr
Product_7,35,138,5,May
Product_7,38,129,0,Jun
Product_8,75,67,5,Jan
Product_8,80,64,10,Feb
Product_8,79,59,0,Mar
Product_8,79,61,0,Apr
Product_8,79,58,10,May
Product_8,79,60,5,Jun
Product_9,51,96,10,Jan
Product_9,56,85,0,Feb
Product_9,54,93,5,Mar
Product_9,57,87,5,Apr
Product_9,53,88,0,May
Product_9,51,93,5,Jun
Product_10,21,237,0,Jan
Product_10,18,276,5,Feb
Product_10,17,281,5,Mar
Product_10,22,234,10,Apr
Product_10,23,221,0,May
Product_10,19,258,5,Jun
Product_11,25,195,0,Jan
Product_11,28,178,10,Feb
Product_11,25,203,10,Mar
Product_11,23,219,10,Apr
Product_11,29,164,10,May
Product_11,23,217,0,Jun
Product_12,54,95,0,Jan
Product_12,55,90,0,Feb
Product_12,48,108,5,Mar
Product_12,55,84,0,Apr
Product_12,48,109,10,May
Product_12,55,91,0,Jun
Product_13,51,100,5,Jan
Product_13,56,90,0,Feb
Product_13,56,92,5,Mar
Product_13,51,103,5,Apr
Product_13,57,88,5,May
Product_13,51,91,0,Jun
Product_14,58,81,0,Jan
Product_14,58,90,10,Feb
Product_14,57,91,10,Mar
Product_14,57,97,5,Apr
Product_14,61,84,5,May
Product_14,57,80,5,Jun
Product_15,23,223,10,Jan
Product_15,22,220,0,Feb
Product_15,24,215,0,Mar
Product_15,26,194,5,Apr
Product_15,24,211,10,May
Product_15,24,198,0,Jun
Product_16,70,68,10,Jan
Product_16,67,70,0,Feb
Product_16,75,67,5,Mar
Product_16,73,70,5,Apr
Product_16,71,63,5,May
Product_16,67,70,5,Jun
Product_17,38,136,10,Jan
Product_17,40,130,10,Feb
Product_17,40,126,0,Mar
Product_17,40,126,10,Apr
Product_17,39,122,5,May
Product_17,33,153,10,Jun
Product_18,30,167,5,Jan
Product_18,31,157,0,Feb
Product_18,38,122,5,Mar
Product_18,38,133,5,Apr
Product_18,29,167,0,May
Product_18,36,137,0,Jun
Product_19,78,70,5,Jan
Product_19,76,65,10,Feb
Product_19,81,51,0,Mar
Product_19,81,62,10,Apr
Product_19,76,61,0,May
Product_19,83,59,0,Jun
Product_20,45,109,5,Jan
Product_20,37,135,10,Feb
Product_20,38,129,0,Mar
Product_20,44,112,0,Apr
Product_20,41,123,10,May
Product_20,41,133,5,Jun
